Jelani Roy;41282626631;PJ;101;50
Dana Mendoza;26673788643;PJ;102;50
Dante Gibson;16846369443;PJ;103;50
Yuli Shannon;33578172376;PJ;104;50
Honorato Kirkland;84743496887;PJ;105;50
Gemma Meyer;32836462755;PJ;106;50
Rebecca Rich;85359261732;PJ;107;50
Brenna Barrett;68435824496;PJ;108;50
Charissa Morrow;66834576697;PJ;109;50
Jana Goff;42536284185;PJ;110;50
Naida Chen;65815512283;PJ;111;50
Cullen Gay;99874626571;PJ;112;50
Selma Mays;75966249895;PJ;113;50
Delilah Morgan;56436457278;PJ;114;50
Quinlan Snider;27435424561;PJ;115;50
Amery Wolf;72458656574;PJ;116;50
Neve Workman;96973526184;PJ;117;50
Melinda Gay;38227888711;PJ;118;50
Heidi Byrd;22562631278;PJ;119;50
Clementine Mcclain;82382846893;PJ;120;50
Alfonso Bernard;25472123721;PJ;121;50
Quintessa Jensen;84284356179;PJ;122;50
Jaden Pruitt;38643325955;PJ;123;50
Alfonso Waller;38358685475;PJ;124;50
Aidan Noel;36815123171;PJ;125;50
Demetria Mitchell;84369787216;PJ;126;50
Nathan Whitehead;57583477717;PJ;127;50
Cecilia Wiggins;56382299665;PJ;128;50
Ciara Atkinson;42555657552;PJ;129;50
Raymond Kane;74737857844;PJ;130;50
Olga Boyd;44478279118;PJ;131;50
Jael Moore;42954375888;PJ;132;50
Chava Woodard;18385314333;PJ;133;50
Jacob Crane;48837714184;PJ;134;50
Cheryl Cole;26822766817;PJ;135;50
Lois Townsend;56967268454;PJ;136;50
Blake Burnett;87755448559;PJ;137;50
Vivian Sanders;62766823732;PJ;138;50
Yen Ortiz;63587424215;PJ;139;50
Gil Mccray;32511252397;PJ;140;50
Alexa Elliott;23975456163;PJ;141;50
Kenyon Mack;13965567563;PJ;142;50
Abigail Hopper;84258132928;PJ;143;50
Demetria Vargas;43562897246;PJ;144;50
Dillon Hays;65138347276;PJ;145;50
Neville Allison;55584623961;PJ;146;50
Hayfa Nelson;68774933898;PJ;147;50
Branden Davidson;36243282449;PJ;148;50
Delilah Caldwell;76932265227;PJ;149;50
Shafira Downs;85855623576;PJ;150;50
Brady Barnes;75743721978;PJ;151;50
Oren Shields;51778323965;PJ;152;50
Brett Mccoy;68338454592;PJ;153;50
Nichole Hinton;16981835237;PJ;154;50
Aretha Kinney;42743525482;PJ;155;50
Elijah Soto;59871374582;PJ;156;50
Mariam Mayo;23623288557;PJ;157;50
Sopoline Jordan;29378473794;PJ;158;50
Abraham Owens;84385663485;PJ;159;50
Benjamin Garner;27491553768;PJ;160;50
Quail Rodriquez;53572577958;PJ;161;50
Ulysses Dorsey;73764226457;PJ;162;50
