Hendrerit Neque Foundation;49762231825;PF;1;50
Curabitur Sed Tortor Consulting;71844336234;PF;2;50
Elit Foundation;48888689687;PF;3;50
Orci Quis Lectus Inc.;58882218444;PF;4;50
Nam Porttitor Scelerisque LLC;14542481238;PF;5;50
Egestas A Scelerisque LLC;25678535974;PF;6;50
Nec Tempus Associates;41277668357;PF;7;50
Commodo Hendrerit Donec Foundation;72928258468;PF;8;50
Vitae Semper Incorporated;83222321884;PF;9;50
Vivamus Rhoncus Limited;25571296584;PF;10;50
Tempor Lorem Limited;31559883568;PF;11;50
Tempus Non Lacinia Associates;24889282569;PF;12;50
Mattis Cras Eget Ltd;35447236378;PF;13;50
Et LLP;22956396637;PF;14;50
Sodales At Limited;63845818758;PF;15;50
Cum Sociis Inc.;57278254928;PF;16;50
Dui Augue Eu Foundation;22232466637;PF;17;50
Interdum Curabitur Dictum Inc.;58497283264;PF;18;50
Ullamcorper Velit In Industries;39211723912;PF;19;50
Blandit Institute;16253396762;PF;20;50
Quisque Imperdiet Company;54454384367;PF;21;50
Sed Dolor Fusce Incorporated;98669656584;PF;22;50
Auctor Velit Associates;18796652516;PF;23;50
Eget Foundation;37135274744;PF;24;50
Mi Felis Corporation;61748448624;PF;25;50
Tellus Sem Mollis Foundation;57853426237;PF;26;50
Vitae LLP;37377764286;PF;27;50
A Purus Limited;92524477364;PF;28;50
Cursus Foundation;43699348312;PF;29;50
Eget Limited;38527639742;PF;30;50
Suspendisse Non Leo Ltd;29538522568;PF;31;50
Elit Consulting;66258638498;PF;32;50
Donec Elementum Corp.;39435842947;PF;33;50
Arcu Sed Associates;34955415647;PF;34;50
Mattis Consulting;34472378877;PF;35;50
Felis Associates;37748688435;PF;36;50
Integer Mollis Integer Ltd;31985798497;PF;37;50
Non Corp.;47665765255;PF;38;50
Malesuada Augue Ut Consulting;63188655693;PF;39;50
In Hendrerit Corporation;74644824424;PF;40;50
Bibendum Donec Corp.;63782321832;PF;41;50
Nunc Institute;37638245335;PF;42;50
Accumsan Convallis Ante Foundation;95558811282;PF;43;50
Eu Sem LLC;72434536854;PF;44;50
Tristique Neque Limited;61883774839;PF;45;50
Dis Industries;63954624847;PF;46;50
Sit Amet LLC;55879645994;PF;47;50
Nec Euismod Inc.;64122954542;PF;48;50
Nullam Lobortis Quam Institute;84317681112;PF;49;50
Nunc Industries;59856545247;PF;50;50
Adipiscing Elit Aliquam Incorporated;26832614197;PF;51;50
Cursus Foundation;33265483377;PF;52;50
Gravida Non Sollicitudin Institute;44985583268;PF;53;50
Magna LLP;33355546853;PF;54;50
Iaculis Odio Associates;75671489439;PF;55;50
Amet Consectetuer Consulting;38522322547;PF;56;50
Augue Scelerisque Corp.;89372486846;PF;57;50
Elit Dictum Ltd;81819598821;PF;58;50
Rhoncus Proin Corp.;65252797459;PF;59;50
Quis Pede Institute;46312988779;PF;60;50
Orci Lacus Vestibulum Limited;97121227768;PF;61;50
Consectetuer Adipiscing Incorporated;98334937299;PF;62;50
Tincidunt Orci Quis Institute;64257866879;PF;63;50
Feugiat Tellus Lorem Institute;22236441276;PF;64;50
Aliquam Rutrum PC;56277864686;PF;65;50
Velit Egestas Consulting;87754267186;PF;66;50
Ligula Foundation;77267324844;PF;67;50
Mus Proin Vel Limited;55648356427;PF;68;50
Maecenas Associates;33721683622;PF;69;50
Est Vitae Sodales Inc.;47793572184;PF;70;50
Purus LLP;25285733635;PF;71;50
Nullam Scelerisque LLC;38159662974;PF;72;50
Tincidunt Nunc Ac Foundation;82759585446;PF;73;50
Arcu LLP;33817733875;PF;74;50
Consequat Purus Limited;82744846143;PF;75;50
Sed Dictum Eleifend Ltd;84477248288;PF;76;50
Dui Nec Urna PC;77767979323;PF;77;50
Mauris Corp.;92596221236;PF;78;50
Purus Duis Institute;28634414183;PF;79;50
Mauris Vel Ltd;89366473239;PF;80;50
Nunc Sed Industries;41647822238;PF;81;50
Tincidunt Pede Ac Company;93545347882;PF;82;50
Nullam Suscipit Est PC;74267478743;PF;83;50
Nec Mollis Vitae Incorporated;49754857129;PF;84;50
Lectus Ante Dictum Industries;22889719465;PF;85;50
Cursus Diam Inc.;23116477774;PF;86;50
Mus LLC;78152648258;PF;87;50
Et Corporation;55795633428;PF;88;50
Feugiat Sed Foundation;44646188646;PF;89;50
Urna Vivamus Molestie Limited;89695775287;PF;90;50
At Augue Institute;57684214268;PF;91;50
Tellus Suspendisse Consulting;65572238857;PF;92;50
Dolor Quisque PC;17621624153;PF;93;50
Risus Limited;74825796159;PF;94;50
Et Malesuada Industries;69778235355;PF;95;50
Bibendum Sed Foundation;67365142627;PF;96;50
Auctor Mauris Vel Corp.;27744763278;PF;97;50
Elit Pharetra Ut Institute;22546854485;PF;98;50
Non Vestibulum Corporation;29848559853;PF;99;50
Nulla Cras Eu Associates;45933575884;PF;100;50
