Jelani Roy;41282626631;PF;101;50
Dana Mendoza;26673788643;PF;102;50
Dante Gibson;16846369443;PF;103;50
Yuli Shannon;33578172376;PF;104;50
Honorato Kirkland;84743496887;PF;105;50
Gemma Meyer;32836462755;PF;106;50
Rebecca Rich;85359261732;PF;107;50
Brenna Barrett;68435824496;PF;108;50
Charissa Morrow;66834576697;PF;109;50
Jana Goff;42536284185;PF;110;50
Naida Chen;65815512283;PF;111;50
Cullen Gay;99874626571;PF;112;50
Selma Mays;75966249895;PF;113;50
Delilah Morgan;56436457278;PF;114;50
Quinlan Snider;27435424561;PF;115;50
Amery Wolf;72458656574;PF;116;50
Neve Workman;96973526184;PF;117;50
Melinda Gay;38227888711;PF;118;50
Heidi Byrd;22562631278;PF;119;50
Clementine Mcclain;82382846893;PF;120;50
Alfonso Bernard;25472123721;PF;121;50
Quintessa Jensen;84284356179;PF;122;50
Jaden Pruitt;38643325955;PF;123;50
Alfonso Waller;38358685475;PF;124;50
Aidan Noel;36815123171;PF;125;50
Demetria Mitchell;84369787216;PF;126;50
Nathan Whitehead;57583477717;PF;127;50
Cecilia Wiggins;56382299665;PF;128;50
Ciara Atkinson;42555657552;PF;129;50
Raymond Kane;74737857844;PF;130;50
Olga Boyd;44478279118;PF;131;50
Jael Moore;42954375888;PF;132;50
Chava Woodard;18385314333;PF;133;50
Jacob Crane;48837714184;PF;134;50
Cheryl Cole;26822766817;PF;135;50
Lois Townsend;56967268454;PF;136;50
Blake Burnett;87755448559;PF;137;50
Vivian Sanders;62766823732;PF;138;50
Yen Ortiz;63587424215;PF;139;50
Gil Mccray;32511252397;PF;140;50
Alexa Elliott;23975456163;PF;141;50
Kenyon Mack;13965567563;PF;142;50
Abigail Hopper;84258132928;PF;143;50
Demetria Vargas;43562897246;PF;144;50
Dillon Hays;65138347276;PF;145;50
Neville Allison;55584623961;PF;146;50
Hayfa Nelson;68774933898;PF;147;50
Branden Davidson;36243282449;PF;148;50
Delilah Caldwell;76932265227;PF;149;50
Shafira Downs;85855623576;PF;150;50
Brady Barnes;75743721978;PF;151;50
Oren Shields;51778323965;PF;152;50
Brett Mccoy;68338454592;PF;153;50
Nichole Hinton;16981835237;PF;154;50
Aretha Kinney;42743525482;PF;155;50
Elijah Soto;59871374582;PF;156;50
Mariam Mayo;23623288557;PF;157;50
Sopoline Jordan;29378473794;PF;158;50
Abraham Owens;84385663485;PF;159;50
Benjamin Garner;27491553768;PF;160;50
Quail Rodriquez;53572577958;PF;161;50
Ulysses Dorsey;73764226457;PF;162;50
