Hendrerit Neque Foundation;49762231825;PJ;1;50
Curabitur Sed Tortor Consulting;71844336234;PJ;2;50
Elit Foundation;48888689687;PJ;3;50
Orci Quis Lectus Inc.;58882218444;PJ;4;50
Nam Porttitor Scelerisque LLC;14542481238;PJ;5;50
Egestas A Scelerisque LLC;25678535974;PJ;6;50
Nec Tempus Associates;41277668357;PJ;7;50
Commodo Hendrerit Donec Foundation;72928258468;PJ;8;50
Vitae Semper Incorporated;83222321884;PJ;9;50
Vivamus Rhoncus Limited;25571296584;PJ;10;50
Tempor Lorem Limited;31559883568;PJ;11;50
Tempus Non Lacinia Associates;24889282569;PJ;12;50
Mattis Cras Eget Ltd;35447236378;PJ;13;50
Et LLP;22956396637;PJ;14;50
Sodales At Limited;63845818758;PJ;15;50
Cum Sociis Inc.;57278254928;PJ;16;50
Dui Augue Eu Foundation;22232466637;PJ;17;50
Interdum Curabitur Dictum Inc.;58497283264;PJ;18;50
Ullamcorper Velit In Industries;39211723912;PJ;19;50
Blandit Institute;16253396762;PJ;20;50
Quisque Imperdiet Company;54454384367;PJ;21;50
Sed Dolor Fusce Incorporated;98669656584;PJ;22;50
Auctor Velit Associates;18796652516;PJ;23;50
Eget Foundation;37135274744;PJ;24;50
Mi Felis Corporation;61748448624;PJ;25;50
Tellus Sem Mollis Foundation;57853426237;PJ;26;50
Vitae LLP;37377764286;PJ;27;50
A Purus Limited;92524477364;PJ;28;50
Cursus Foundation;43699348312;PJ;29;50
Eget Limited;38527639742;PJ;30;50
Suspendisse Non Leo Ltd;29538522568;PJ;31;50
Elit Consulting;66258638498;PJ;32;50
Donec Elementum Corp.;39435842947;PJ;33;50
Arcu Sed Associates;34955415647;PJ;34;50
Mattis Consulting;34472378877;PJ;35;50
Felis Associates;37748688435;PJ;36;50
Integer Mollis Integer Ltd;31985798497;PJ;37;50
Non Corp.;47665765255;PJ;38;50
Malesuada Augue Ut Consulting;63188655693;PJ;39;50
In Hendrerit Corporation;74644824424;PJ;40;50
Bibendum Donec Corp.;63782321832;PJ;41;50
Nunc Institute;37638245335;PJ;42;50
Accumsan Convallis Ante Foundation;95558811282;PJ;43;50
Eu Sem LLC;72434536854;PJ;44;50
Tristique Neque Limited;61883774839;PJ;45;50
Dis Industries;63954624847;PJ;46;50
Sit Amet LLC;55879645994;PJ;47;50
Nec Euismod Inc.;64122954542;PJ;48;50
Nullam Lobortis Quam Institute;84317681112;PJ;49;50
Nunc Industries;59856545247;PJ;50;50
Adipiscing Elit Aliquam Incorporated;26832614197;PJ;51;50
Cursus Foundation;33265483377;PJ;52;50
Gravida Non Sollicitudin Institute;44985583268;PJ;53;50
Magna LLP;33355546853;PJ;54;50
Iaculis Odio Associates;75671489439;PJ;55;50
Amet Consectetuer Consulting;38522322547;PJ;56;50
Augue Scelerisque Corp.;89372486846;PJ;57;50
Elit Dictum Ltd;81819598821;PJ;58;50
Rhoncus Proin Corp.;65252797459;PJ;59;50
Quis Pede Institute;46312988779;PJ;60;50
Orci Lacus Vestibulum Limited;97121227768;PJ;61;50
Consectetuer Adipiscing Incorporated;98334937299;PJ;62;50
Tincidunt Orci Quis Institute;64257866879;PJ;63;50
Feugiat Tellus Lorem Institute;22236441276;PJ;64;50
Aliquam Rutrum PC;56277864686;PJ;65;50
Velit Egestas Consulting;87754267186;PJ;66;50
Ligula Foundation;77267324844;PJ;67;50
Mus Proin Vel Limited;55648356427;PJ;68;50
Maecenas Associates;33721683622;PJ;69;50
Est Vitae Sodales Inc.;47793572184;PJ;70;50
Purus LLP;25285733635;PJ;71;50
Nullam Scelerisque LLC;38159662974;PJ;72;50
Tincidunt Nunc Ac Foundation;82759585446;PJ;73;50
Arcu LLP;33817733875;PJ;74;50
Consequat Purus Limited;82744846143;PJ;75;50
Sed Dictum Eleifend Ltd;84477248288;PJ;76;50
Dui Nec Urna PC;77767979323;PJ;77;50
Mauris Corp.;92596221236;PJ;78;50
Purus Duis Institute;28634414183;PJ;79;50
Mauris Vel Ltd;89366473239;PJ;80;50
Nunc Sed Industries;41647822238;PJ;81;50
Tincidunt Pede Ac Company;93545347882;PJ;82;50
Nullam Suscipit Est PC;74267478743;PJ;83;50
Nec Mollis Vitae Incorporated;49754857129;PJ;84;50
Lectus Ante Dictum Industries;22889719465;PJ;85;50
Cursus Diam Inc.;23116477774;PJ;86;50
Mus LLC;78152648258;PJ;87;50
Et Corporation;55795633428;PJ;88;50
Feugiat Sed Foundation;44646188646;PJ;89;50
Urna Vivamus Molestie Limited;89695775287;PJ;90;50
At Augue Institute;57684214268;PJ;91;50
Tellus Suspendisse Consulting;65572238857;PJ;92;50
Dolor Quisque PC;17621624153;PJ;93;50
Risus Limited;74825796159;PJ;94;50
Et Malesuada Industries;69778235355;PJ;95;50
Bibendum Sed Foundation;67365142627;PJ;96;50
Auctor Mauris Vel Corp.;27744763278;PJ;97;50
Elit Pharetra Ut Institute;22546854485;PJ;98;50
Non Vestibulum Corporation;29848559853;PJ;99;50
Nulla Cras Eu Associates;45933575884;PJ;100;50
